ID,Title,Release Year,Moby Score,URL,Genres
3969,007: The World Is Not Enough,2000,7.66,https://www.mobygames.com/game/3969/007-the-world-is-not-enough/,"Action, 1st-person, Shooter, Licensed, Spy / espionage, Direct control"
8384,1080° Snowboarding,1998,8.15,https://www.mobygames.com/game/8384/1080-snowboarding/,"Sports, 1st-person, Snowboarding / skiing, Behind view"
10240,40 Winks,2019,7.55,https://www.mobygames.com/game/10240/40-winks/,"Action, Platform, Fantasy, Behind view"
201201,64 Hanafuda: Tenshi no Yakusoku,1999,,https://www.mobygames.com/game/201201/64-hanafuda-tenshi-no-yakusoku/,"Strategy / tactics, Top-down, Cards / tiles, Turn-based, Fixed / flip-screen, Point and select, Turn-based strategy (TBS), Japan (Modern/Futuristic)"
201202,64 Trump Collection: Alice no Waku Waku Trump World,1998,,https://www.mobygames.com/game/201202/64-trump-collection-alice-no-waku-waku-trump-world/,"Strategy / tactics, Top-down, Side view, Cards / tiles, Fantasy, Licensed, Turn-based, Fixed / flip-screen, Point and select, Turn-based strategy (TBS)"
55998,64 Ōzumō,1997,,https://www.mobygames.com/game/55998/64-ozumo/,"Sports, Side view, Fighting, Wrestling, Anime / Manga"
201230,64 Ōzumō 2,1999,,https://www.mobygames.com/game/201230/64-ozumo-2/,"Sports, Real-time, Side view, Fighting, Wrestling, Anime / Manga, Direct control"
4923,AeroFighters Assault,1997,5.87,https://www.mobygames.com/game/4923/aerofighters-assault/,"Action, Simulation, Flight / aviation, Shooter, Behind view"
8450,AeroGauge,1997,5.6,https://www.mobygames.com/game/8450/aerogauge/,"Action, Racing / Driving, Sci-fi / futuristic, Behind view"
201231,AI Shōgi 3,1998,,https://www.mobygames.com/game/201231/ai-shogi-3/,"Strategy / tactics, Top-down, Board game, Cards / tiles, Turn-based, Fixed / flip-screen, Point and select"
8444,Aidyn Chronicles: The First Mage,2000,5.72,https://www.mobygames.com/game/8444/aidyn-chronicles-the-first-mage/,"Role-playing (RPG), Fantasy, Behind view"
36275,Air Boarder 64,1998,5.56,https://www.mobygames.com/game/36275/air-boarder-64/,"Action, Sports, Tricks / stunts, Behind view, Direct control"
8451,All Star Tennis '99,1999,6.44,https://www.mobygames.com/game/8451/all-star-tennis-99/,"Sports, Tennis, Licensed, Behind view, Diagonal-down"
6534,All-Star Baseball 2000,1999,8.14,https://www.mobygames.com/game/6534/all-star-baseball-2000/,"Sports, Baseball, Licensed"
6535,All-Star Baseball 2001,2000,7.84,https://www.mobygames.com/game/6535/all-star-baseball-2001/,"Sports, Baseball, Licensed, 3rd-person (Other)"
6533,All-Star Baseball 99,1998,7.6,https://www.mobygames.com/game/6533/all-star-baseball-99/,"Sports, Baseball, Licensed, Behind view, Diagonal-down"
5600,Armorines: Project S.W.A.R.M.,1999,6.65,https://www.mobygames.com/game/5600/armorines-project-swarm/,"Action, 1st-person, Sci-fi / futuristic, Shooter, Regional differences"
3863,Army Men: Air Attack,2000,7.16,https://www.mobygames.com/game/3863/army-men-air-attack/,"Action, Flight / aviation, Shooter"
4187,Army Men: Sarge's Heroes,1999,6.08,https://www.mobygames.com/game/4187/army-men-sarges-heroes/,"Action, Shooter, Behind view, Direct control"
4188,Army Men: Sarge's Heroes 2,2000,6.18,https://www.mobygames.com/game/4188/army-men-sarges-heroes-2/,"Action, Shooter, 3rd-person (Other)"
6246,Asteroids Hyper 64,1999,5.53,https://www.mobygames.com/game/6246/asteroids-hyper-64/,"Action, Sci-fi / futuristic, Arcade, Top-down, Shooter, Fixed / flip-screen"
4839,automobili Lamborghini,1997,6.94,https://www.mobygames.com/game/4839/automobili-lamborghini/,"Racing / Driving, Behind view, Vehicle simulator, Automobile, Street racing"
56016,Bakushō Jinsei 64: Mezase! Resort Ō,1998,,https://www.mobygames.com/game/56016/bakusho-jinsei-64-mezase-resort-o/,"Strategy / tactics, Board game, Licensed, 3rd-person (Other)"
6485,Bangai-O,1999,7.0,https://www.mobygames.com/game/6485/bangai-o/,"Action, Sci-fi / futuristic, Arcade, Side view, Shooter, Anime / Manga, Mecha / giant robot"
3583,Banjo-Kazooie,1998,8.43,https://www.mobygames.com/game/3583/banjo-kazooie/,"Action, Platform, Puzzle elements, Fantasy, 3rd-person (Other), Direct control"
3993,Banjo-Tooie,2000,8.44,https://www.mobygames.com/game/3993/banjo-tooie/,"Action, Platform, Metroidvania, Puzzle elements, Behind view"
201274,Bass Rush: ECOGEAR Powerworm Championship,2000,,https://www.mobygames.com/game/201274/bass-rush-ecogear-powerworm-championship/,"Sports, Real-time, Fishing, 3rd-person (Other), Cinematic camera, Direct control"
36512,BassMasters 2000,1999,6.28,https://www.mobygames.com/game/36512/bassmasters-2000/,"Simulation, 1st-person, Licensed, 3rd-person (Other)"
6438,Batman Beyond: Return of the Joker,2000,4.31,https://www.mobygames.com/game/6438/batman-beyond-return-of-the-joker/,"Action, Side view, Licensed, Beat 'em up / brawler"
6448,BattleTanx,1998,6.59,https://www.mobygames.com/game/6448/battletanx/,"Action, 1st-person, Sci-fi / futuristic, Shooter, Post-apocalyptic, Tank, Behind view"
3669,BattleTanx: Global Assault,1999,6.91,https://www.mobygames.com/game/3669/battletanx-global-assault/,"Action, 1st-person, Sci-fi / futuristic, Shooter, Post-apocalyptic, Tank, Behind view"
8803,Battlezone: Rise of the Black Dogs,2000,6.2,https://www.mobygames.com/game/8803/battlezone-rise-of-the-black-dogs/,"Action, Strategy / tactics, 1st-person, Shooter, Managerial / business simulation, Tank"
9122,Beetle Adventure Racing!,1999,8.0,https://www.mobygames.com/game/9122/beetle-adventure-racing/,"Action, Racing / Driving, Licensed, Behind view, Direct control, Automobile, Track racing"
38182,Big Mountain 2000,1998,6.12,https://www.mobygames.com/game/38182/big-mountain-2000/,"Sports, Licensed, Snowboarding / skiing, Behind view"
3667,Bio Freaks,1998,6.63,https://www.mobygames.com/game/3667/bio-freaks/,"Action, Sci-fi / futuristic, Arcade, Side view, Fighting, Post-apocalyptic, 2D scrolling"
3623,Blast Corps,1997,7.99,https://www.mobygames.com/game/3623/blast-corps/,"Action, Racing / Driving, Puzzle elements, 3rd-person (Other)"
32170,Blues Brothers 2000,2000,6.16,https://www.mobygames.com/game/32170/blues-brothers-2000/,"Action, Platform, Licensed, Music / rhythm, 3rd-person (Other)"
5863,Body Harvest,1998,7.3,https://www.mobygames.com/game/5863/body-harvest/,"Action, Racing / Driving, Sci-fi / futuristic, Behind view, Regional differences"
3584,Bomberman 64,1997,7.08,https://www.mobygames.com/game/3584/bomberman-64/,"Action, Sci-fi / futuristic, Arcade, Platform, Anime / Manga, Diagonal-down, 2D scrolling, Direct control"
6132,Bomberman 64: The Second Attack,1999,7.07,https://www.mobygames.com/game/6132/bomberman-64-the-second-attack/,"Action, Sci-fi / futuristic, Puzzle elements, Diagonal-down, Direct control"
6634,Bomberman Hero,1998,6.81,https://www.mobygames.com/game/6634/bomberman-hero/,"Action, Sci-fi / futuristic, Platform, Puzzle elements, Diagonal-down, Direct control"
9124,Bottom of the 9th,1999,5.56,https://www.mobygames.com/game/9124/bottom-of-the-9th/,"Sports, Baseball, Diagonal-down, 2D scrolling"
2827,Brunswick Circuit Pro Bowling,1998,6.3,https://www.mobygames.com/game/2827/brunswick-circuit-pro-bowling/,"Sports, Licensed, Bowling, Behind view"
9123,Buck Bumble,1998,7.37,https://www.mobygames.com/game/9123/buck-bumble/,"Action, Flight / aviation, Shooter, Behind view"
8452,Bust-A-Move 3,1999,7.49,https://www.mobygames.com/game/8452/bust-a-move-3/,"Arcade, Real-time, Side view, Fantasy, Puzzle, Fixed / flip-screen, Tile matching puzzle, Direct control"
5864,Bust-A-Move Again,1998,7.46,https://www.mobygames.com/game/5864/bust-a-move-again/,"Arcade, Real-time, Side view, Fantasy, Puzzle, Fixed / flip-screen, Tile matching puzzle, Direct control"
8506,California Speed,1999,5.48,https://www.mobygames.com/game/8506/california-speed/,"Racing / Driving, Behind view, Automobile"
1371,Carmageddon 2: Carpocalypse Now,1999,4.2,https://www.mobygames.com/game/1371/carmageddon-2-carpocalypse-now/,"Action, Racing / Driving, 1st-person, Behind view, Vehicular combat, Automobile, Regional differences"
7237,Castlevania,1999,6.94,https://www.mobygames.com/game/7237/castlevania/,"Action, Platform, Puzzle elements, Fantasy, Horror, Behind view, Direct control"
7089,Castlevania: Legacy of Darkness,1999,6.83,https://www.mobygames.com/game/7089/castlevania-legacy-of-darkness/,"Action, Platform, Puzzle elements, Fantasy, Behind view, Direct control"
32203,Centre Court Tennis,1998,7.21,https://www.mobygames.com/game/32203/centre-court-tennis/,"Sports, Tennis, Behind view"
8507,Chameleon Twist,1997,6.49,https://www.mobygames.com/game/8507/chameleon-twist/,"Action, Platform, Fantasy, 3rd-person (Other), Direct control"
8508,Chameleon Twist 2,1998,6.2,https://www.mobygames.com/game/8508/chameleon-twist-2/,"Action, Platform, Fantasy, 3rd-person (Other), Direct control"
32229,Charlie Blast's Territory,1999,6.52,https://www.mobygames.com/game/32229/charlie-blasts-territory/,"Real-time, Puzzle, Diagonal-down, Direct control"
32231,Chopper Attack,1997,6.37,https://www.mobygames.com/game/32231/chopper-attack/,"Action, Helicopter, Behind view"
201275,Choro Q 64 2: Hacha-Mecha Grand Prix Race,1999,,https://www.mobygames.com/game/201275/choro-q-64-2-hacha-mecha-grand-prix-race/,"Racing / Driving, Off-roading, Licensed, Behind view, Vehicle simulator, Direct control, Automobile, Track racing"
55960,Chōkūkan Night: Pro Yakyū King,1996,,https://www.mobygames.com/game/55960/chokukan-night-pro-yakyu-king/,"Sports, Baseball, 3rd-person (Other)"
201278,Chōkūkan Night: Pro Yakyū King 2,1999,,https://www.mobygames.com/game/201278/chokukan-night-pro-yakyu-king-2/,"Sports, Baseball, Anime / Manga, 3rd-person (Other), Direct control"
8509,Clay Fighter 63 1/3,1997,6.06,https://www.mobygames.com/game/8509/clay-fighter-63-13/,"Action, Side view, Fighting, Fantasy, Comedy, 2D scrolling, Direct control"
32308,Clay Fighter: Sculptor's Cut,1998,5.66,https://www.mobygames.com/game/32308/clay-fighter-sculptors-cut/,"Action, Side view, Fighting, Fantasy, Comedy, 2D scrolling"
89865,Command & Conquer,1999,7.4,https://www.mobygames.com/game/89865/command-conquer/,"Strategy / tactics, Sci-fi / futuristic, Real-time, War, Diagonal-down, Free camera, Point and select, Multiple units/characters control, Africa, Europe, Real-time strategy (RTS)"
3622,Conker's Bad Fur Day,2001,8.4,https://www.mobygames.com/game/3622/conkers-bad-fur-day/,"Action, Sci-fi / futuristic, Platform, Shooter, Puzzle elements, Comedy, Diagonal-down, Direct control"
8062,Cruis'n Exotica,2000,6.13,https://www.mobygames.com/game/8062/cruisn-exotica/,"Racing / Driving, Arcade, Behind view, Automobile"
3587,Cruis'n USA,1996,5.44,https://www.mobygames.com/game/3587/cruisn-usa/,"Action, Racing / Driving, 1st-person, Behind view, Automobile, Street racing"
3589,Cruis'n World,1997,6.92,https://www.mobygames.com/game/3589/cruisn-world/,"Simulation, Racing / Driving, 1st-person, Off-roading, Behind view, Automobile"
201314,Custom Robo,1999,,https://www.mobygames.com/game/201314/custom-robo/,"Action, Sci-fi / futuristic, Real-time, Fighting, Role-playing (RPG), Anime / Manga, Diagonal-down, 2D scrolling, Direct control"
67476,Custom Robo V2,2000,,https://www.mobygames.com/game/67476/custom-robo-v2/,"Action, Fighting, Role-playing (RPG), Diagonal-down"
8510,CyberTiger,2000,6.27,https://www.mobygames.com/game/8510/cybertiger/,"Action, Sports, Golf, Licensed"
32242,Dance Dance Revolution: Disney Dancing Museum,2000,,https://www.mobygames.com/game/32242/dance-dance-revolution-disney-dancing-museum/,"Action, Licensed, Music / rhythm, 3rd-person (Other)"
1161,Dark Rift,1997,6.16,https://www.mobygames.com/game/1161/dark-rift/,"Action, Side view, Fighting, 2D scrolling"
9178,Deadly Arts,1998,5.85,https://www.mobygames.com/game/9178/deadly-arts/,"Action, Side view, Martial arts, Fighting, 3rd-person (Other)"
201319,Densha de Go! 64,1999,,https://www.mobygames.com/game/201319/densha-de-go-64/,"Simulation, Racing / Driving, 1st-person, Train, Fixed / flip-screen, Time management, Direct control, Japan (Modern/Futuristic)"
185969,Derby Stallion 64,2001,,https://www.mobygames.com/game/185969/derby-stallion-64/,"Simulation, Sports, Managerial / business simulation, Horse / derby"
3650,Destruction Derby 64,1999,6.39,https://www.mobygames.com/game/3650/destruction-derby-64/,"Racing / Driving, 1st-person, Behind view, Vehicular combat, Direct control, Automobile"
32250,Dezaemon 3D,1998,,https://www.mobygames.com/game/32250/dezaemon-3d/,"Action, Arcade, Top-down, Side view, Shooter, Isometric, 3rd-person (Other)"
3582,Diddy Kong Racing,1997,8.27,https://www.mobygames.com/game/3582/diddy-kong-racing/,"Racing / Driving, 1st-person, Arcade, Off-roading, Behind view, Vehicle simulator, Automobile, Track racing"
4457,Disney's Donald Duck: Goin' Quackers,2000,6.88,https://www.mobygames.com/game/4457/disneys-donald-duck-goin-quackers/,"Action, Side view, Platform, Licensed, 2D scrolling"
1308,Disney's Tarzan,2000,7.24,https://www.mobygames.com/game/1308/disneys-tarzan/,"Action, Side view, Platform, Licensed, 2D scrolling, Direct control, Africa"
8443,Disney•Pixar A Bug's Life,1999,6.48,https://www.mobygames.com/game/8443/disneypixar-a-bugs-life/,"Action, Platform, Fantasy, Licensed, Behind view"
8916,Disney•Pixar Toy Story 2: Buzz Lightyear to the Rescue!,1999,6.32,https://www.mobygames.com/game/8916/disneypixar-toy-story-2-buzz-lightyear-to-the-rescue/,"Action, 1st-person, Real-time, Platform, Licensed, 3rd-person (Other), Behind view, Cinematic camera, Direct control, Contemporary"
4599,Donkey Kong 64,1999,8.04,https://www.mobygames.com/game/4599/donkey-kong-64/,"Action, Platform, Puzzle elements, Fantasy, Behind view"
79263,Donkey Kong 64 Set,1999,,https://www.mobygames.com/game/79263/donkey-kong-64-set/,"Physical extras, Special edition"
5195,Doom 64,1997,7.91,https://www.mobygames.com/game/5195/doom-64/,"Action, 1st-person, Sci-fi / futuristic, Shooter, Horror, Direct control, Regional differences"
201477,Doraemon 2: Nobita To Hikari No Shinden,1998,,https://www.mobygames.com/game/201477/doraemon-2-nobita-to-hikari-no-shinden/,"Action, Platform, Puzzle elements, Anime / Manga, Fantasy, Licensed, 3rd-person (Other), Action RPG, Direct control"
201479,Doraemon 3: Nobita no Machi SOS!,2000,,https://www.mobygames.com/game/201479/doraemon-3-nobita-no-machi-sos/,"Action, Sci-fi / futuristic, Platform, Puzzle elements, Anime / Manga, Fantasy, Licensed, 3rd-person (Other), Action RPG, Direct control"
16435,Doraemon: Nobita to 3-tsu no Seireiseki,1997,5.89,https://www.mobygames.com/game/16435/doraemon-nobita-to-3-tsu-no-seireiseki/,"Action, Sci-fi / futuristic, Licensed, 3rd-person (Other)"
3898,Dr. Mario 64,2001,6.83,https://www.mobygames.com/game/3898/dr-mario-64/,"Real-time, Side view, Puzzle, Fixed / flip-screen, Healthcare, Falling block puzzle, Tile matching puzzle, Direct control"
9179,Dual Heroes,1997,4.73,https://www.mobygames.com/game/9179/dual-heroes/,"Action, Sci-fi / futuristic, Side view, Fighting, Anime / Manga, Fantasy, 2D scrolling"
3677,Duke Nukem 64,1997,7.37,https://www.mobygames.com/game/3677/duke-nukem-64/,"Action, 1st-person, Sci-fi / futuristic, Shooter, Adult, Comedy, Direct control"
10130,Duke Nukem: Zero Hour,1999,7.6,https://www.mobygames.com/game/10130/duke-nukem-zero-hour/,"Action, 1st-person, Sci-fi / futuristic, Shooter, Post-apocalyptic, Comedy, Behind view, Direct control"
73768,Dōbutsu no Mori,2001,,https://www.mobygames.com/game/73768/dobutsu-no-mori/,"Simulation, Persistent, Diagonal-down, Life / social simulation"
2996,Earthworm Jim 3D,1999,6.79,https://www.mobygames.com/game/2996/earthworm-jim-3d/,"Action, Fantasy, Comedy, Behind view, Direct control"
9673,ECW Hardcore Revolution,2000,6.09,https://www.mobygames.com/game/9673/ecw-hardcore-revolution/,"Sports, Wrestling, Licensed, 3rd-person (Other)"
200987,Eikō no St. Andrews,1996,,https://www.mobygames.com/game/200987/eiko-no-st-andrews/,"Sports, Golf, Licensed, Behind view, Cinematic camera, Direct control, Menu structures, Europe"
11512,ESPN International Track & Field,2000,,https://www.mobygames.com/game/11512/espn-international-track-field/,"Sports, 1st-person, Licensed, 3rd-person (Other), Diagonal-down"
6213,Excitebike 64,2000,7.98,https://www.mobygames.com/game/6213/excitebike-64/,"Racing / Driving, Motorcycle, Off-roading, 3rd-person (Other), Behind view, Vehicle simulator, Track racing"
9195,Extreme-G,1997,7.93,https://www.mobygames.com/game/9195/extreme-g/,"Action, Racing / Driving, 1st-person, Sci-fi / futuristic, Behind view, Direct control"
3114,Extreme-G: XG2,1998,7.34,https://www.mobygames.com/game/3114/extreme-g-xg2/,"Racing / Driving, 1st-person, Sci-fi / futuristic, Shooter, Behind view"
21604,F-1 World Grand Prix,1998,7.73,https://www.mobygames.com/game/21604/f-1-world-grand-prix/,"Simulation, Racing / Driving, 1st-person, Licensed, Behind view, Vehicle simulator, Automobile, Track racing"
21495,F-1 World Grand Prix II,1999,7.66,https://www.mobygames.com/game/21495/f-1-world-grand-prix-ii/,"Simulation, Racing / Driving, 1st-person, Licensed, 3rd-person (Other), Vehicle simulator, Automobile, Track racing"
4047,F-Zero X,1998,8.11,https://www.mobygames.com/game/4047/f-zero-x/,"Racing / Driving, Sci-fi / futuristic, Anime / Manga, Behind view, Hovercraft, Track racing"
96909,F-Zero X: Expansion Kit,2000,,https://www.mobygames.com/game/96909/f-zero-x-expansion-kit/,"Add-on, Extras, Map / level, Other, Customization / outfit / skin"
9196,F1 Pole Position 64,1997,6.55,https://www.mobygames.com/game/9196/f1-pole-position-64/,"Simulation, Racing / Driving, 1st-person, Licensed, 3rd-person (Other), Vehicle simulator, Automobile, Track racing"
24146,F1 Racing Championship,2000,7.48,https://www.mobygames.com/game/24146/f1-racing-championship/,"Sports, Racing / Driving, 1st-person, Licensed, Behind view, Automobile, Track racing"
136679,Famista 64,1997,,https://www.mobygames.com/game/136679/famista-64/,"Sports, Baseball, Behind view, Diagonal-down"
1188,FIFA 99,1998,8.27,https://www.mobygames.com/game/1188/fifa-99/,"Sports, Football (European) / Soccer, Licensed, Diagonal-down, 2D scrolling, Direct control, Multiple units/characters control"
21497,FIFA Soccer 64,1997,5.79,https://www.mobygames.com/game/21497/fifa-soccer-64/,"Sports, Football (European) / Soccer, Licensed, Diagonal-down, 2D scrolling, Direct control, Multiple units/characters control"
841,FIFA: Road to World Cup 98,1997,7.92,https://www.mobygames.com/game/841/fifa-road-to-world-cup-98/,"Sports, Football (European) / Soccer, Licensed, Diagonal-down, 2D scrolling, Direct control, Multiple units/characters control"
21498,Fighter Destiny 2,1999,6.32,https://www.mobygames.com/game/21498/fighter-destiny-2/,"Action, Martial arts, Fighting"
8514,Fighters Destiny,1998,7.38,https://www.mobygames.com/game/8514/fighters-destiny/,"Action, Side view, Martial arts, Fighting"
3191,Fighting Force,1999,6.24,https://www.mobygames.com/game/3191/fighting-force/,"Action, Beat 'em up / brawler, 3rd-person (Other), Direct control"
136810,Flappy Bird,2017,,https://www.mobygames.com/game/136810/flappy-bird/,"Action, Arcade, Side view, 2D scrolling, Direct control, Fangame"
17889,Flying Dragon,1997,6.38,https://www.mobygames.com/game/17889/flying-dragon/,"Action, Martial arts, Fighting, 3rd-person (Other)"
141377,Forsaken 64,1998,7.72,https://www.mobygames.com/game/141377/forsaken-64/,"Action, 1st-person, Sci-fi / futuristic, Shooter, Post-apocalyptic, Direct control"
38682,Fox Sports College Hoops '99,1998,5.72,https://www.mobygames.com/game/38682/fox-sports-college-hoops-99/,"Sports, Basketball, Licensed, 3rd-person (Other)"
144560,Fushigi no Dungeon: Fūrai no Shiren 2: Oni Shūrai! Shiren-jō!,2000,,https://www.mobygames.com/game/144560/fushigi-no-dungeon-furai-no-shiren-2-oni-shurai-shiren-jo/,"Strategy / tactics, Role-playing (RPG), Anime / Manga, Turn-based, Diagonal-down, Japanese-style RPG (JRPG), Direct control, Japan (Ancient/Classical/Medieval), Turn-based strategy (TBS)"
3590,Gauntlet: Legends,1999,7.05,https://www.mobygames.com/game/3590/gauntlet-legends/,"Action, Arcade, Isometric, Puzzle elements, Fantasy, Licensed, Diagonal-down"
34281,Getter Love!! Panda Love Unit,1998,,https://www.mobygames.com/game/34281/getter-love-panda-love-unit/,"Simulation, Isometric, Board game, Anime / Manga"
15429,Gex 3: Deep Cover Gecko,1999,7.13,https://www.mobygames.com/game/15429/gex-3-deep-cover-gecko/,"Action, 1st-person, Platform, Puzzle elements, 3rd-person (Other)"
2490,Gex: Enter the Gecko,1998,7.19,https://www.mobygames.com/game/2490/gex-enter-the-gecko/,"Action, Platform, Fantasy, Behind view, Direct control, Regional differences"
3145,Glover,1998,7.11,https://www.mobygames.com/game/3145/glover/,"Action, Platform, Puzzle elements, 3rd-person (Other)"
20938,Goemon's Great Adventure,1998,7.57,https://www.mobygames.com/game/20938/goemons-great-adventure/,"Action, Side view, Platform, Puzzle elements, Anime / Manga, 2D scrolling"
27601,Goemon: Mononoke Sugoroku,1999,,https://www.mobygames.com/game/27601/goemon-mononoke-sugoroku/,"Strategy / tactics, Isometric, Anime / Manga, Turn-based, Trading / collectible card"
21598,Golden Nugget 64,1998,6.59,https://www.mobygames.com/game/21598/golden-nugget-64/,"1st-person, Top-down, Real-time, Board game, Cards / tiles, Gambling, Licensed"
3528,GoldenEye 007,1997,8.4,https://www.mobygames.com/game/3528/goldeneye-007/,"Action, 1st-person, Shooter, Licensed, Spy / espionage, Direct control"
35832,GT 64: Championship Edition,1998,6.32,https://www.mobygames.com/game/35832/gt-64-championship-edition/,"Simulation, Racing / Driving, 1st-person, Licensed, Behind view, Direct control, Automobile"
201486,Hamster Monogatari 64,2001,,https://www.mobygames.com/game/201486/hamster-monogatari-64/,"Simulation, Side view, Anime / Manga, Diagonal-down, Fixed / flip-screen, Life / social simulation, Mini-games, Point and select, Menu structures"
108817,Harukanaru Augusta Masters '98,1997,,https://www.mobygames.com/game/108817/harukanaru-augusta-masters-98/,"Sports, Golf"
4978,Harvest Moon 64,1999,7.52,https://www.mobygames.com/game/4978/harvest-moon-64/,"Simulation, Isometric, Managerial / business simulation, Diagonal-down"
201487,Heiwa Pachinko World 64,1997,,https://www.mobygames.com/game/201487/heiwa-pachinko-world-64/,"1st-person, Side view, Gambling, Anime / Manga, Licensed, Mini-games, Direct control, Menu structures, Japan (Modern/Futuristic)"
9180,Hercules: The Legendary Journeys,2000,5.82,https://www.mobygames.com/game/9180/hercules-the-legendary-journeys/,"Action, Puzzle elements, Fantasy, Licensed, Behind view"
1938,Hexen: Beyond Heretic,1997,6.58,https://www.mobygames.com/game/1938/hexen-beyond-heretic/,"Action, 1st-person, Shooter, Fantasy, Direct control"
24638,"Hey You, Pikachu!",1998,5.66,https://www.mobygames.com/game/24638/hey-you-pikachu/,"Action, 1st-person, Puzzle elements, Anime / Manga, Licensed"
22905,Hot Wheels: Turbo Racing,1999,6.59,https://www.mobygames.com/game/22905/hot-wheels-turbo-racing/,"Racing / Driving, 1st-person, Licensed, Behind view"
15755,Hybrid Heaven,1999,6.73,https://www.mobygames.com/game/15755/hybrid-heaven/,"Action, Sci-fi / futuristic, Puzzle elements, Role-playing (RPG), 3rd-person (Other)"
4737,Hydro Thunder,2000,7.18,https://www.mobygames.com/game/4737/hydro-thunder/,"Racing / Driving, Sci-fi / futuristic, Naval / watercraft, Behind view, Track racing"
201488,Ide Yōsuke no Mahjong Juku,2000,,https://www.mobygames.com/game/201488/ide-yosuke-no-mahjong-juku/,"Top-down, Side view, Cards / tiles, Turn-based, Puzzle, Fixed / flip-screen, Tile matching puzzle, Point and select, Japan (Modern/Futuristic)"
9145,Iggy's Reckin' Balls,1998,7.28,https://www.mobygames.com/game/9145/iggys-reckin-balls/,"Action, Side view, Platform, Puzzle elements"
36671,In-Fisherman Bass Hunter 64,1999,6.61,https://www.mobygames.com/game/36671/in-fisherman-bass-hunter-64/,"Sports, Fishing, 3rd-person (Other)"
1442,Indiana Jones and the Infernal Machine,2000,6.87,https://www.mobygames.com/game/1442/indiana-jones-and-the-infernal-machine/,"Action, Puzzle elements, Licensed, Behind view"
14071,Indy Racing 2000,2000,6.97,https://www.mobygames.com/game/14071/indy-racing-2000/,"Simulation, Racing / Driving, 1st-person, Licensed, 3rd-person (Other), Vehicle simulator, Automobile, Track racing"
9131,International Superstar Soccer '98,1998,8.38,https://www.mobygames.com/game/9131/international-superstar-soccer-98/,"Sports, Football (European) / Soccer, Diagonal-down, 2D scrolling, Direct control"
9132,International Superstar Soccer 2000,2000,7.89,https://www.mobygames.com/game/9132/international-superstar-soccer-2000/,"Sports, Football (European) / Soccer, Diagonal-down"
9130,International Superstar Soccer 64,1997,8.51,https://www.mobygames.com/game/9130/international-superstar-soccer-64/,"Sports, Football (European) / Soccer"
8800,International Track & Field 2000,1999,7.2,https://www.mobygames.com/game/8800/international-track-field-2000/,"Sports, Olympiad / mixed sports, 3rd-person (Other)"
201495,Itoi Shigesato no Bass Tsuri No. 1 Ketteihan!,2000,,https://www.mobygames.com/game/201495/itoi-shigesato-no-bass-tsuri-no-1-ketteihan/,"Sports, 1st-person, Fishing, Anime / Manga, Fantasy, Direct control, Motion control, Japan (Modern/Futuristic)"
201856,J-League Dynamite Soccer 64,1997,,https://www.mobygames.com/game/201856/j-league-dynamite-soccer-64/,"Sports, Real-time, Football (European) / Soccer, Licensed, 3rd-person (Other), Diagonal-down, Cinematic camera, Direct control"
201893,J-League Eleven Beat 1997,1997,,https://www.mobygames.com/game/201893/j-league-eleven-beat-1997/,"Sports, Football (European) / Soccer, Anime / Manga, Licensed, Diagonal-down, Cinematic camera, Direct control, Japan (Modern/Futuristic)"
201894,J-League Tactics Soccer,1999,,https://www.mobygames.com/game/201894/j-league-tactics-soccer/,"Simulation, Sports, Managerial / business simulation, Football (European) / Soccer, Licensed, 3rd-person (Other), Diagonal-down, Cinematic camera, Menu structures, Japan (Modern/Futuristic)"
201900,Jangō Simulation Mahjong-dō 64,1997,,https://www.mobygames.com/game/201900/jango-simulation-mahjong-do-64/,"Strategy / tactics, Top-down, Cards / tiles, Anime / Manga, Turn-based, Fixed / flip-screen, Tile matching puzzle, Direct control, Menu structures, Japan (Modern/Futuristic)"
146416,Japan Pro Golf Tour 64,2000,,https://www.mobygames.com/game/146416/japan-pro-golf-tour-64/,"Simulation, Sports, Real-time, Golf, Licensed, Behind view, Contemporary, Japan (Modern/Futuristic)"
38794,Jeopardy!,1998,4.84,https://www.mobygames.com/game/38794/jeopardy/,"Game show / trivia / quiz, Licensed, Puzzle"
10454,Jeremy McGrath Supercross 2000,2000,6.2,https://www.mobygames.com/game/10454/jeremy-mcgrath-supercross-2000/,"Sports, Racing / Driving, Motorcycle, Off-roading, Licensed, Behind view"
3792,Jet Force Gemini,1999,7.65,https://www.mobygames.com/game/3792/jet-force-gemini/,"Action, Sci-fi / futuristic, Flight / aviation, Shooter, Behind view"
201906,Jikkyō GI Stable,1999,,https://www.mobygames.com/game/201906/jikkyo-gi-stable/,"Simulation, Sports, Managerial / business simulation, Anime / Manga, Horse / derby, Diagonal-down, Cinematic camera, Fixed / flip-screen, Menu structures, Japan (Modern/Futuristic), Gambling elements"
201910,Jikkyō J-League 1999: Perfect Striker 2,1999,,https://www.mobygames.com/game/201910/jikkyo-j-league-1999-perfect-striker-2/,"Sports, Football (European) / Soccer, Licensed, 3rd-person (Other), Diagonal-down, Cinematic camera, Direct control, Japan (Modern/Futuristic)"
201907,Jikkyō J. League: Perfect Striker,1996,,https://www.mobygames.com/game/201907/jikkyo-j-league-perfect-striker/,"Sports, Real-time, Football (European) / Soccer, Licensed, 3rd-person (Other), Diagonal-down, Cinematic camera, Direct control, Japan (Modern/Futuristic)"
201911,Jikkyō Powerful Pro Yakyū 4,1997,,https://www.mobygames.com/game/201911/jikkyo-powerful-pro-yakyu-4/,"Sports, Baseball, Anime / Manga, Licensed, Behind view, Diagonal-down, Cinematic camera, Direct control, Japan (Modern/Futuristic)"
201912,Jikkyō Powerful Pro Yakyū 5,1998,,https://www.mobygames.com/game/201912/jikkyo-powerful-pro-yakyu-5/,"Sports, Side view, Baseball, Anime / Manga, Licensed, Behind view, Diagonal-down, Cinematic camera, Fixed / flip-screen, Direct control, Menu structures, Japan (Modern/Futuristic)"
160562,John Romero's Daikatana,2000,5.83,https://www.mobygames.com/game/160562/john-romeros-daikatana/,"Action, 1st-person, Sci-fi / futuristic, Shooter, Direct control, Regional differences"
9096,Ken Griffey Jr.'s Slugfest,1999,7.21,https://www.mobygames.com/game/9096/ken-griffey-jrs-slugfest/,"Sports, Baseball, Licensed, Behind view, Diagonal-down"
6133,Killer Instinct Gold,1996,7.34,https://www.mobygames.com/game/6133/killer-instinct-gold/,"Action, Side view, Fighting, Fantasy, 2D scrolling"
220952,Kiratto Kaiketsu! 64 Tanteidan,1998,,https://www.mobygames.com/game/220952/kiratto-kaiketsu-64-tanteidan/,"Strategy / tactics, Top-down, Board game, Cards / tiles, Turn-based, Comedy, Party game, Japan (Modern/Futuristic)"
20578,Kirby 64: The Crystal Shards,2000,7.39,https://www.mobygames.com/game/20578/kirby-64-the-crystal-shards/,"Action, Side view, Platform, Puzzle elements, Diagonal-down"
9146,Knife Edge: Nose Gunner,1998,5.22,https://www.mobygames.com/game/9146/knife-edge-nose-gunner/,"Action, Sci-fi / futuristic, 3rd-person (Other), Rail shooter"
8466,Knockout Kings 2000,1999,6.48,https://www.mobygames.com/game/8466/knockout-kings-2000/,"Sports, Boxing, Licensed, 3rd-person (Other)"
6526,Kobe Bryant in NBA Courtside,1998,7.79,https://www.mobygames.com/game/6526/kobe-bryant-in-nba-courtside/,"Sports, Basketball, Licensed"
31053,Kyojin no Doshin 1,1999,,https://www.mobygames.com/game/31053/kyojin-no-doshin-1/,"Simulation, Strategy / tactics, 1st-person, Managerial / business simulation, Meditative / Zen, 3rd-person (Other)"
31057,Kyojin no Doshin Kaihō Sensen Chibikko Chikko Daishūgou,2000,,https://www.mobygames.com/game/31057/kyojin-no-doshin-kaiho-sensen-chibikko-chikko-daishugou/,"Add-on, Story / mission"
105142,Last Legion UX,1999,,https://www.mobygames.com/game/105142/last-legion-ux/,"Action, Sci-fi / futuristic, Fighting, Anime / Manga, Mecha / giant robot, Behind view, Direct control"
88090,The Legend of Zelda: Majora's Mask (Limited Edition Adventure Set),2000,,https://www.mobygames.com/game/88090/the-legend-of-zelda-majoras-mask-limited-edition-adventure-set/,"Physical extras, Special edition"
3550,The Legend of Zelda: Majora's Mask,2000,8.65,https://www.mobygames.com/game/3550/the-legend-of-zelda-majoras-mask/,"Action, 1st-person, Metroidvania, Puzzle elements, Fantasy, Behind view, Direct control"
3549,The Legend of Zelda: Ocarina of Time,1998,8.8,https://www.mobygames.com/game/3549/the-legend-of-zelda-ocarina-of-time/,"Action, 1st-person, Metroidvania, Puzzle elements, Fantasy, Behind view, Direct control, Medieval"
2629,LEGO Racers,1999,6.54,https://www.mobygames.com/game/2629/lego-racers/,"Racing / Driving, Arcade, Licensed, Behind view, Vehicle simulator, Direct control, Automobile, Track racing"
9270,Lode Runner 3-D,1999,6.95,https://www.mobygames.com/game/9270/lode-runner-3-d/,"Action, Sci-fi / futuristic, Platform, Shooter, Puzzle, Diagonal-down, Direct control"
14070,Looney Tunes: Duck Dodgers - Starring Daffy Duck,2000,6.97,https://www.mobygames.com/game/14070/looney-tunes-duck-dodgers-starring-daffy-duck/,"Action, Platform, Puzzle elements, 3rd-person (Other)"
28978,Mace: The Dark Age,1997,7.4,https://www.mobygames.com/game/28978/mace-the-dark-age/,"Action, Fighting, Fantasy, 3rd-person (Other)"
5431,Madden Football 64,1997,7.25,https://www.mobygames.com/game/5431/madden-football-64/,"Sports, Real-time, Football (American), Licensed, Diagonal-down, 2D scrolling, Direct control"
2826,Madden NFL 2000,1999,7.42,https://www.mobygames.com/game/2826/madden-nfl-2000/,"Sports, Real-time, Football (American), Licensed, Diagonal-down, 2D scrolling, Direct control, Multiple units/characters control"
73065,Madden NFL 2001,2000,7.21,https://www.mobygames.com/game/73065/madden-nfl-2001/,"Sports, Real-time, Football (American), Licensed, Diagonal-down, 2D scrolling, Direct control"
73115,Madden NFL 2002,2001,,https://www.mobygames.com/game/73115/madden-nfl-2002/,"Sports, Real-time, Football (American), Licensed, Diagonal-down, 2D scrolling, Direct control"
5434,Madden NFL 99,1998,8.03,https://www.mobygames.com/game/5434/madden-nfl-99/,"Sports, Real-time, Football (American), Licensed, Diagonal-down, 2D scrolling, Direct control"
75531,Magical Tetris Challenge,1998,6.92,https://www.mobygames.com/game/75531/magical-tetris-challenge/,"Action, Side view, Licensed, Puzzle, Fixed / flip-screen, Falling block puzzle, Direct control"
200988,Mahjong Master,1996,,https://www.mobygames.com/game/200988/mahjong-master/,"Strategy / tactics, Top-down, Cards / tiles, Turn-based, Fixed / flip-screen, Tile matching puzzle, Direct control, Menu structures, Japan (Modern/Futuristic)"
9095,Major League Baseball Featuring Ken Griffey Jr,1998,7.42,https://www.mobygames.com/game/9095/major-league-baseball-featuring-ken-griffey-jr/,"Sports, Arcade, Baseball, Licensed"
69487,Mario Artist: Communication Kit,2000,,https://www.mobygames.com/game/69487/mario-artist-communication-kit/,"Simulation, Educational, Add-on, Graphics / art"
69484,Mario Artist: Paint Studio,1999,,https://www.mobygames.com/game/69484/mario-artist-paint-studio/,"1st-person, Educational, Graphics / art"
69486,Mario Artist: Polygon Studio,2000,,https://www.mobygames.com/game/69486/mario-artist-polygon-studio/,"Action, Arcade, Educational, Graphics / art"
69485,Mario Artist: Talent Studio,2000,,https://www.mobygames.com/game/69485/mario-artist-talent-studio/,"Educational, Graphics / art"
3538,Mario Golf,1999,7.7,https://www.mobygames.com/game/3538/mario-golf/,"Sports, Golf, Math / logic, Licensed, Behind view"
3535,Mario Kart 64,1996,8.16,https://www.mobygames.com/game/3535/mario-kart-64/,"Racing / Driving, Arcade, Fantasy, Behind view, Direct control, Automobile, Track racing"
68953,Mario no Photopi,1998,,https://www.mobygames.com/game/68953/mario-no-photopi/,"Educational, Graphics / art"
3537,Mario Party,1998,7.63,https://www.mobygames.com/game/3537/mario-party/,"Action, Strategy / tactics, Top-down, Side view, Fishing, Board game, Boxing, Football (European) / Soccer, Fantasy, Licensed, Turn-based, Diagonal-down, 2D scrolling, Mini-games, Party game, Direct control"
6521,Mario Party 2,1999,7.75,https://www.mobygames.com/game/6521/mario-party-2/,"Action, Strategy / tactics, Top-down, Board game, Fantasy, Turn-based, Diagonal-down, 2D scrolling, Mini-games, Party game, Direct control"
5337,Mario Party 3,2000,7.38,https://www.mobygames.com/game/5337/mario-party-3/,"Action, Strategy / tactics, Top-down, Board game, Fantasy, Turn-based, Diagonal-down, 2D scrolling, Mini-games, Party game, Direct control"
3548,Mario Tennis,2000,7.92,https://www.mobygames.com/game/3548/mario-tennis/,"Sports, Tennis, Diagonal-down, 2D scrolling, Direct control"
3322,Mega Man Legends,2000,5.89,https://www.mobygames.com/game/3322/mega-man-legends/,"Action, Sci-fi / futuristic, Arcade, Shooter, Metroidvania, Anime / Manga, Behind view"
36467,Mia Hamm Soccer 64,1999,6.36,https://www.mobygames.com/game/36467/mia-hamm-soccer-64/,"Sports, Football (European) / Soccer, Licensed, Diagonal-down"
23113,Mickey's Speedway USA,2000,7.35,https://www.mobygames.com/game/23113/mickeys-speedway-usa/,"Racing / Driving, Arcade, Licensed, Behind view, Vehicle simulator, Automobile, Track racing"
6532,Micro Machines 64 Turbo,1999,7.6,https://www.mobygames.com/game/6532/micro-machines-64-turbo/,"Racing / Driving, Top-down, Licensed"
6523,Midway's Greatest Arcade Hits Volume I,2000,6.54,https://www.mobygames.com/game/6523/midways-greatest-arcade-hits-volume-i/,Compilation
41018,Mike Piazza's Strike Zone,1998,5.32,https://www.mobygames.com/game/41018/mike-piazzas-strike-zone/,"Sports, Baseball, Licensed, 3rd-person (Other)"
9199,Milo's Astro Lanes,1998,5.48,https://www.mobygames.com/game/9199/milos-astro-lanes/,"Simulation, Sports, 1st-person, Sci-fi / futuristic, Bowling, Behind view"
8090,Mischief Makers,1997,7.58,https://www.mobygames.com/game/8090/mischief-makers/,"Action, Sci-fi / futuristic, Side view, Platform, Anime / Manga, 3rd-person (Other)"
5288,Mission: Impossible,1998,7.09,https://www.mobygames.com/game/5288/mission-impossible/,"Action, 1st-person, Shooter, Puzzle elements, Licensed, Spy / espionage, Stealth, 3rd-person (Other)"
2766,Monaco Grand Prix Racing Simulation 2,1999,7.53,https://www.mobygames.com/game/2766/monaco-grand-prix-racing-simulation-2/,"Sports, Racing / Driving, 1st-person, Licensed, Behind view, Automobile, Track racing, Oceania"
67972,Monopoly,1999,6.45,https://www.mobygames.com/game/67972/monopoly/,"Strategy / tactics, Board game, Licensed, 3rd-person (Other)"
36402,Monster Truck Madness 64,1999,6.23,https://www.mobygames.com/game/36402/monster-truck-madness-64/,"Action, Sports, Racing / Driving, 1st-person, Off-roading, Behind view, Direct control"
1128,Mortal Kombat 4,1998,7.53,https://www.mobygames.com/game/1128/mortal-kombat-4/,"Action, Arcade, Side view, Fighting"
4494,Mortal Kombat Mythologies: Sub-Zero,1997,5.74,https://www.mobygames.com/game/4494/mortal-kombat-mythologies-sub-zero/,"Action, Sci-fi / futuristic, Arcade, Side view, Platform, Fighting"
2036,Mortal Kombat Trilogy,1996,6.92,https://www.mobygames.com/game/2036/mortal-kombat-trilogy/,"Action, Side view, Martial arts, Fighting, Fantasy, 2D scrolling, Direct control"
26228,MRC: Multi-Racing Championship,1997,7.02,https://www.mobygames.com/game/26228/mrc-multi-racing-championship/,"Racing / Driving, 3rd-person (Other)"
6531,Ms. Pac-Man Maze Madness,2000,7.15,https://www.mobygames.com/game/6531/ms-pac-man-maze-madness/,"Action, Top-down, Puzzle elements, Diagonal-down"
21284,Mystical Ninja Starring Goemon,1997,7.81,https://www.mobygames.com/game/21284/mystical-ninja-starring-goemon/,"Action, Platform, Puzzle elements, Anime / Manga, 3rd-person (Other)"
21430,Nagano Winter Olympics '98,1997,5.99,https://www.mobygames.com/game/21430/nagano-winter-olympics-98/,"Sports, Olympiad / mixed sports, Licensed, Snowboarding / skiing, Tricks / stunts, Behind view"
3738,Namco Museum 64,1999,6.82,https://www.mobygames.com/game/3738/namco-museum-64/,Compilation
4845,NASCAR 2000,1999,6.28,https://www.mobygames.com/game/4845/nascar-2000/,"Simulation, Racing / Driving, 1st-person, Licensed, Behind view, Vehicle simulator, Automobile, Track racing"
10514,NASCAR 99,1998,7.07,https://www.mobygames.com/game/10514/nascar-99/,"Racing / Driving, 1st-person, Licensed, Behind view, Vehicle simulator, Automobile, Track racing"
6527,NBA Courtside 2: Featuring Kobe Bryant,1999,7.88,https://www.mobygames.com/game/6527/nba-courtside-2-featuring-kobe-bryant/,"Sports, Basketball, Licensed, 3rd-person (Other)"
8468,NBA Hangtime,1996,7.04,https://www.mobygames.com/game/8468/nba-hangtime/,"Sports, Basketball, Licensed, Diagonal-down, 2D scrolling, Direct control"
9151,NBA in the Zone '98,1998,6.37,https://www.mobygames.com/game/9151/nba-in-the-zone-98/,"Sports, Basketball, Licensed, Diagonal-down"
9152,NBA in the Zone '99,1999,6.29,https://www.mobygames.com/game/9152/nba-in-the-zone-99/,"Sports, Basketball, Licensed, Diagonal-down"
9153,NBA in the Zone 2000,2000,6.34,https://www.mobygames.com/game/9153/nba-in-the-zone-2000/,"Sports, Basketball, Licensed"
56026,NBA Jam 2000,1999,7.18,https://www.mobygames.com/game/56026/nba-jam-2000/,"Sports, Arcade, Basketball, Managerial / business simulation, Licensed, Diagonal-down, Direct control"
8467,NBA Jam 99,1998,6.92,https://www.mobygames.com/game/8467/nba-jam-99/,"Sports, Arcade, Basketball, Managerial / business simulation, Licensed, Diagonal-down, Direct control"
2214,NBA Live 2000,1999,7.28,https://www.mobygames.com/game/2214/nba-live-2000/,"Sports, Basketball, Licensed, Diagonal-down, Direct control"
110896,NBA Live 99,1998,7.83,https://www.mobygames.com/game/110896/nba-live-99/,"Sports, Basketball, Licensed, Diagonal-down, Direct control"
8515,NBA Showtime: NBA on NBC,1999,6.93,https://www.mobygames.com/game/8515/nba-showtime-nba-on-nbc/,"Sports, Basketball, Licensed, 3rd-person (Other), Direct control"
36170,Neon Genesis Evangelion,1999,6.7,https://www.mobygames.com/game/36170/neon-genesis-evangelion/,"Action, 1st-person, Sci-fi / futuristic, Shooter, Fighting, Anime / Manga, Mecha / giant robot, Licensed, 3rd-person (Other)"
3763,The New Tetris,1999,7.83,https://www.mobygames.com/game/3763/the-new-tetris/,"Action, Side view, Puzzle, Fixed / flip-screen, Falling block puzzle, Direct control"
3126,NFL Blitz,1998,7.53,https://www.mobygames.com/game/3126/nfl-blitz/,"Sports, Football (American), Licensed, Diagonal-down, 2D scrolling"
4694,NFL Blitz 2000,1999,7.9,https://www.mobygames.com/game/4694/nfl-blitz-2000/,"Action, Sports, Arcade, Football (American), Licensed, Diagonal-down"
3617,NFL Blitz 2001,2000,7.24,https://www.mobygames.com/game/3617/nfl-blitz-2001/,"Action, Sports, Arcade, Real-time, Football (American), Licensed, 3rd-person (Other)"
9165,NFL QB Club 2001,2000,6.03,https://www.mobygames.com/game/9165/nfl-qb-club-2001/,"Sports, Football (American), Licensed, 3rd-person (Other)"
9164,NFL Quarterback Club 2000,1999,6.94,https://www.mobygames.com/game/9164/nfl-quarterback-club-2000/,"Sports, Football (American), Licensed, 3rd-person (Other)"
9154,NFL Quarterback Club 98,1997,8.17,https://www.mobygames.com/game/9154/nfl-quarterback-club-98/,"Sports, Football (American), Licensed, Diagonal-down, 2D scrolling"
9155,NFL Quarterback Club 99,1998,7.93,https://www.mobygames.com/game/9155/nfl-quarterback-club-99/,"Sports, Football (American), Licensed, Diagonal-down, 2D scrolling"
286,NHL 99,1998,7.83,https://www.mobygames.com/game/286/nhl-99/,"Sports, Top-down, Hockey, Licensed, Diagonal-down, 2D scrolling, Direct control"
9166,NHL Blades of Steel '99,1999,6.43,https://www.mobygames.com/game/9166/nhl-blades-of-steel-99/,"Sports, Hockey, Licensed, Diagonal-down, Direct control"
19210,NHL Breakaway 98,1998,7.4,https://www.mobygames.com/game/19210/nhl-breakaway-98/,"Sports, Hockey, Licensed, Diagonal-down, Direct control"
36048,NHL Breakaway 99,1998,7.25,https://www.mobygames.com/game/36048/nhl-breakaway-99/,"Sports, Hockey, Licensed, Diagonal-down, Direct control"
4186,Nightmare Creatures,1998,6.84,https://www.mobygames.com/game/4186/nightmare-creatures/,"Action, Fantasy, Horror, Behind view, Direct control, Regional differences"
542,Nuclear Strike,1999,7.09,https://www.mobygames.com/game/542/nuclear-strike/,"Action, Shooter, Helicopter, Diagonal-down, Vehicular combat, Direct control"
38772,Nushi Tsuri 64,1998,,https://www.mobygames.com/game/38772/nushi-tsuri-64/,"Simulation, Role-playing (RPG), Anime / Manga, Diagonal-down"
28890,Off Road Challenge,1998,6.03,https://www.mobygames.com/game/28890/off-road-challenge/,"Racing / Driving, 1st-person, Off-roading, Behind view, Vehicle simulator, Automobile, Track racing"
3646,Ogre Battle 64: Person of Lordly Caliber,1999,8.42,https://www.mobygames.com/game/3646/ogre-battle-64-person-of-lordly-caliber/,"Strategy / tactics, Top-down, Role-playing (RPG), Fantasy, Turn-based"
55764,Olympic Hockey 98,1998,6.27,https://www.mobygames.com/game/55764/olympic-hockey-98/,"Sports, Hockey, Licensed, 3rd-person (Other)"
108588,Pachinko 365 Nichi,1998,,https://www.mobygames.com/game/108588/pachinko-365-nichi/,"1st-person, Gambling, Pinball"
5498,Paper Mario,2000,8.3,https://www.mobygames.com/game/5498/paper-mario/,"Side view, Platform, Role-playing (RPG), Turn-based, Japanese-style RPG (JRPG)"
6568,Paperboy,1999,5.37,https://www.mobygames.com/game/6568/paperboy/,"Action, Isometric, Bike / bicycling"
38433,Penny Racers,1998,5.73,https://www.mobygames.com/game/38433/penny-racers/,"Racing / Driving, 1st-person, Arcade, Licensed, Behind view, Vehicle simulator, Automobile"
4034,Perfect Dark,2000,8.62,https://www.mobygames.com/game/4034/perfect-dark/,"Action, 1st-person, Sci-fi / futuristic, Shooter, Stealth, Direct control"
65928,PGA European Tour Golf,2000,6.46,https://www.mobygames.com/game/65928/pga-european-tour-golf/,"Sports, Golf, Licensed, 3rd-person (Other)"
4691,Pilotwings 64,1996,8.03,https://www.mobygames.com/game/4691/pilotwings-64/,"Action, Simulation, Racing / Driving, 1st-person, Flight / aviation, Puzzle elements, Helicopter, Behind view, Vehicle simulator, Direct control"
55754,Pocket Monsters Stadium,1998,,https://www.mobygames.com/game/55754/pocket-monsters-stadium/,"Strategy / tactics, Turn-based, Diagonal-down"
6869,Pokémon Puzzle League,2000,7.81,https://www.mobygames.com/game/6869/pokemon-puzzle-league/,"Action, Side view, Puzzle, Fixed / flip-screen, Falling block puzzle, Tile matching puzzle"
4681,Pokémon Snap,1999,7.34,https://www.mobygames.com/game/4681/pokemon-snap/,"Simulation, 1st-person, Real-time, Anime / Manga, Fantasy, Rail shooter, Direct control"
6525,Pokémon Stadium,1999,7.26,https://www.mobygames.com/game/6525/pokemon-stadium/,"Role-playing (RPG), Fantasy, Turn-based, 3rd-person (Other)"
9233,Pokémon Stadium 2,2000,7.7,https://www.mobygames.com/game/9233/pokemon-stadium-2/,"Strategy / tactics, Turn-based, 3rd-person (Other)"
79236,Pokémon Stadium Battle Set,2000,,https://www.mobygames.com/game/79236/pokemon-stadium-battle-set/,"Physical extras, Special edition, Regional differences"
38536,Polaris SnoCross,2000,5.49,https://www.mobygames.com/game/38536/polaris-snocross/,"Sports, Racing / Driving, 1st-person, Licensed, Tricks / stunts, 3rd-person (Other), Snowmobile"
215472,Portal 64: The First Slice,2023,,https://www.mobygames.com/game/215472/portal-64-the-first-slice/,"Action, 1st-person, Sci-fi / futuristic, Platform, Puzzle, Direct control, Fangame"
10102,The Powerpuff Girls: Chemical X-Traction,2001,,https://www.mobygames.com/game/10102/the-powerpuff-girls-chemical-x-traction/,"Action, Arcade, Fighting, Licensed, 3rd-person (Other)"
20363,Premier Manager Ninety Nine,1999,6.14,https://www.mobygames.com/game/20363/premier-manager-ninety-nine/,"Sports, Managerial / business simulation, Football (European) / Soccer, 3rd-person (Other)"
222533,Pro Mahjong Tsuwamono 2,1999,,https://www.mobygames.com/game/222533/pro-mahjong-tsuwamono-2/,"Strategy / tactics, Top-down, Cards / tiles, Turn-based"
27994,Puyo Puyo Sun,1997,7.73,https://www.mobygames.com/game/27994/puyo-puyo-sun/,"Arcade, Real-time, Side view, Anime / Manga, Puzzle, Fixed / flip-screen, Falling block puzzle, Direct control"
12501,Puyo Puyo~n,1999,,https://www.mobygames.com/game/12501/puyo-puyon/,"Real-time, Side view, Puzzle, Fixed / flip-screen, Falling block puzzle, Direct control"
374,Quake,1998,7.56,https://www.mobygames.com/game/374/quake/,"Action, 1st-person, Shooter, Fantasy, Direct control"
30996,Quake II,1999,7.21,https://www.mobygames.com/game/30996/quake-ii/,"Action, 1st-person, Sci-fi / futuristic, Shooter"
6688,Quest 64,1998,6.37,https://www.mobygames.com/game/6688/quest-64/,"Role-playing (RPG), Anime / Manga, Fantasy, 3rd-person (Other)"
22911,Rakugakids,1998,6.47,https://www.mobygames.com/game/22911/rakugakids/,"Action, Side view, Fighting, Anime / Manga"
36823,Rally Challenge 2000,2000,6.02,https://www.mobygames.com/game/36823/rally-challenge-2000/,"Racing / Driving, 1st-person, Licensed, Behind view, Automobile"
4178,Rampage 2: Universal Tour,1999,5.46,https://www.mobygames.com/game/4178/rampage-2-universal-tour/,"Action, Arcade, Side view, 2D scrolling"
4252,Rampage World Tour,1998,6.19,https://www.mobygames.com/game/4252/rampage-world-tour/,"Action, Arcade, Side view, 2D scrolling"
9150,Rat Attack!,2000,,https://www.mobygames.com/game/9150/rat-attack/,"Action, Top-down, Puzzle elements"
2182,Rayman 2: The Great Escape,1999,8.3,https://www.mobygames.com/game/2182/rayman-2-the-great-escape/,"Action, Platform, Fantasy, Behind view, Direct control"
6372,Razor Freestyle Scooter,2001,,https://www.mobygames.com/game/6372/razor-freestyle-scooter/,"Action, Licensed, Tricks / stunts, Behind view"
369,Re-Volt,1999,6.68,https://www.mobygames.com/game/369/re-volt/,"Action, Racing / Driving, Arcade, Behind view, Vehicle simulator, Direct control, Automobile, Track racing"
4387,Ready 2 Rumble Boxing,1999,7.31,https://www.mobygames.com/game/4387/ready-2-rumble-boxing/,"Sports, Boxing, Licensed, 3rd-person (Other)"
4388,Ready 2 Rumble Boxing: Round 2,2000,6.86,https://www.mobygames.com/game/4388/ready-2-rumble-boxing-round-2/,"Sports, Boxing, Licensed, 3rd-person (Other)"
3714,Resident Evil 2,1999,8.18,https://www.mobygames.com/game/3714/resident-evil-2/,"Action, Shooter, Puzzle elements, Horror, Survival horror, 3rd-person (Other), Cinematic camera, Direct control, Contemporary, North America, Regional differences"
8486,Ridge Racer 64,2000,8.05,https://www.mobygames.com/game/8486/ridge-racer-64/,"Racing / Driving, 1st-person, Arcade, Behind view, Vehicle simulator, Automobile, Street racing"
3847,Road Rash 64,1999,6.25,https://www.mobygames.com/game/3847/road-rash-64/,"Action, Racing / Driving, Motorcycle, Behind view, Street racing"
38484,Roadsters,1999,7.03,https://www.mobygames.com/game/38484/roadsters/,"Racing / Driving, 1st-person, Licensed, Behind view, Automobile"
9148,Robotron 64,1998,6.59,https://www.mobygames.com/game/9148/robotron-64/,"Action, Sci-fi / futuristic, Arcade, Platform, Shooter, Diagonal-down"
3789,Rocket: Robot on Wheels,1999,7.5,https://www.mobygames.com/game/3789/rocket-robot-on-wheels/,"Action, Sci-fi / futuristic, Flight / aviation, Platform, 3rd-person (Other)"
36137,Rugrats in Paris: The Movie,2000,6.01,https://www.mobygames.com/game/36137/rugrats-in-paris-the-movie/,"Action, Arcade, Platform, Licensed, 3rd-person (Other)"
36133,Rugrats: Scavenger Hunt,1999,5.19,https://www.mobygames.com/game/36133/rugrats-scavenger-hunt/,"Action, Board game, Licensed, 3rd-person (Other)"
4389,Rush 2: Extreme Racing USA,1998,7.03,https://www.mobygames.com/game/4389/rush-2-extreme-racing-usa/,"Racing / Driving, 1st-person, Arcade, Behind view, Automobile"
2768,S.C.A.R.S.,1998,7.4,https://www.mobygames.com/game/2768/scars/,"Racing / Driving, 1st-person, Sci-fi / futuristic, Arcade, Shooter, Behind view, Vehicle simulator, Automobile, Track racing"
76398,Saban's Power Rangers: Lightspeed Rescue,2000,4.46,https://www.mobygames.com/game/76398/sabans-power-rangers-lightspeed-rescue/,"Action, 1st-person, Sci-fi / futuristic, Licensed, Diagonal-down"
193595,Saikyō Habu Shōgi,1996,,https://www.mobygames.com/game/193595/saikyo-habu-shogi/,"Simulation, Top-down, Board game, Turn-based, Fixed / flip-screen, Menu structures"
8898,San Francisco Rush 2049,2000,7.38,https://www.mobygames.com/game/8898/san-francisco-rush-2049/,"Action, Racing / Driving, Sci-fi / futuristic, Behind view, Automobile"
4176,San Francisco Rush: Extreme Racing,1997,6.98,https://www.mobygames.com/game/4176/san-francisco-rush-extreme-racing/,"Racing / Driving, 1st-person, Real-time, Behind view, Direct control, Automobile, Track racing"
49902,Scooby-Doo!: Classic Creep Capers,2000,6.17,https://www.mobygames.com/game/49902/scooby-doo-classic-creep-capers/,"Action, Puzzle elements, Detective / mystery, Licensed, 3rd-person (Other)"
19817,Sesame Street: Elmo's Letter Adventure,1999,,https://www.mobygames.com/game/19817/sesame-street-elmos-letter-adventure/,"Educational, Pre-school / toddler, Licensed, 3rd-person (Other)"
123177,Sesame Street: Elmo's Number Journey,1999,,https://www.mobygames.com/game/123177/sesame-street-elmos-number-journey/,"Educational, Math / logic, Pre-school / toddler, Fantasy, Licensed, 3rd-person (Other), Mini-games"
385,Shadow Man,1999,7.75,https://www.mobygames.com/game/385/shadow-man/,"Action, Licensed, Horror, Behind view, Direct control, Regional differences"
3942,Shadowgate 64: Trials of the Four Towers,1999,6.74,https://www.mobygames.com/game/3942/shadowgate-64-trials-of-the-four-towers/,"Adventure, 1st-person, Puzzle elements, Fantasy"
657,SimCity 2000,1998,6.88,https://www.mobygames.com/game/657/simcity-2000/,"Simulation, Strategy / tactics, Real-time, Isometric, Managerial / business simulation, Diagonal-down, Free camera, City building / construction simulation, Point and select, Contemporary"
62465,SimCity 64,2000,,https://www.mobygames.com/game/62465/simcity-64/,"Simulation, 1st-person, Managerial / business simulation, Helicopter, Anime / Manga, Train, Diagonal-down, Free camera, City building / construction simulation"
17343,Sin and Punishment,2000,7.88,https://www.mobygames.com/game/17343/sin-and-punishment/,"Action, Sci-fi / futuristic, Behind view, Rail shooter"
30372,Snowboard Kids,1997,7.29,https://www.mobygames.com/game/30372/snowboard-kids/,"Sports, Racing / Driving, Snowboarding / skiing, Behind view, Direct control"
24587,Snowboard Kids 2,1999,7.07,https://www.mobygames.com/game/24587/snowboard-kids-2/,"Sports, Racing / Driving, Snowboarding / skiing, Behind view, Direct control"
3513,South Park,1998,6.36,https://www.mobygames.com/game/3513/south-park/,"Action, 1st-person, Sci-fi / futuristic, Shooter, Licensed, Comedy, Direct control, North America"
2970,South Park Rally,2000,5.84,https://www.mobygames.com/game/2970/south-park-rally/,"Racing / Driving, Arcade, Licensed, Behind view, Automobile, Track racing"
2971,South Park: Chef's Luv Shack,1999,5.3,https://www.mobygames.com/game/2971/south-park-chefs-luv-shack/,"Action, Arcade, Game show / trivia / quiz, Licensed"
623,Space Invaders,1999,6.81,https://www.mobygames.com/game/623/space-invaders/,"Action, Sci-fi / futuristic, Arcade, Side view, Shooter, Fixed / flip-screen"
8899,Space Station Silicon Valley,1998,8.09,https://www.mobygames.com/game/8899/space-station-silicon-valley/,"Action, Sci-fi / futuristic, Platform, Puzzle elements, 3rd-person (Other)"
4333,Spider-Man,2000,7.6,https://www.mobygames.com/game/4333/spider-man/,"Action, Licensed, Behind view"
3536,Star Fox 64,1997,8.34,https://www.mobygames.com/game/3536/star-fox-64/,"Action, 1st-person, Sci-fi / futuristic, Flight / aviation, Shooter, Behind view, Rail shooter, Space flight, Direct control"
18799,Star Soldier: Vanishing Earth,1998,6.13,https://www.mobygames.com/game/18799/star-soldier-vanishing-earth/,"Action, Sci-fi / futuristic, Arcade, Top-down, Shooter, Post-apocalyptic, 2D scrolling"
3416,Star Wars: Episode I - Battle for Naboo,2000,7.84,https://www.mobygames.com/game/3416/star-wars-episode-i-battle-for-naboo/,"Action, Sci-fi / futuristic, Licensed, Behind view, Space flight"
276,Star Wars: Episode I - Racer,1999,7.96,https://www.mobygames.com/game/276/star-wars-episode-i-racer/,"Racing / Driving, Sci-fi / futuristic, Licensed, Behind view, Vehicle simulator, Hovercraft, Track racing"
345,Star Wars: Rogue Squadron 3D,1998,8.2,https://www.mobygames.com/game/345/star-wars-rogue-squadron-3d/,"Action, 1st-person, Sci-fi / futuristic, Shooter, Licensed, Behind view, Space flight"
3105,Star Wars: Shadows of the Empire,1996,7.49,https://www.mobygames.com/game/3105/star-wars-shadows-of-the-empire/,"Action, Sci-fi / futuristic, Licensed, 3rd-person (Other), Behind view"
21570,StarCraft 64,2000,7.94,https://www.mobygames.com/game/21570/starcraft-64/,"Strategy / tactics, Sci-fi / futuristic, Top-down, Real-time, War, Free camera, Point and select, Multiple units/characters control, Real-time strategy (RTS)"
3008,Starshot: Space Circus Fever,1999,6.69,https://www.mobygames.com/game/3008/starshot-space-circus-fever/,"Action, Platform, 3rd-person (Other)"
9235,Stunt Racer 64,2000,,https://www.mobygames.com/game/9235/stunt-racer-64/,"Racing / Driving, 1st-person, Sci-fi / futuristic, Behind view, Automobile"
150957,SudoQ,2016,,https://www.mobygames.com/game/150957/sudoq/,"Puzzle, Fixed / flip-screen, Point and select"
55995,Super B-Daman: Battle Phoenix 64,1998,,https://www.mobygames.com/game/55995/super-b-daman-battle-phoenix-64/,"Action, Licensed, 3rd-person (Other)"
5339,Super Bowling,1999,,https://www.mobygames.com/game/5339/super-bowling/,"Sports, Bowling, 3rd-person (Other)"
3533,Super Mario 64,1996,8.54,https://www.mobygames.com/game/3533/super-mario-64/,"Action, Platform, Fantasy, 3rd-person (Other), Direct control"
55776,Super Robot Spirits,1998,,https://www.mobygames.com/game/55776/super-robot-spirits/,"Action, Sci-fi / futuristic, Fighting, Mecha / giant robot, 3rd-person (Other)"
52835,Super Robot Taisen 64,1999,,https://www.mobygames.com/game/52835/super-robot-taisen-64/,"Strategy / tactics, Sci-fi / futuristic, Top-down, Role-playing (RPG), Anime / Manga, Mecha / giant robot, Licensed, Turn-based, 3rd-person (Other)"
3546,Super Smash Bros.,1999,7.67,https://www.mobygames.com/game/3546/super-smash-bros/,"Action, Side view, Platform, Fighting, Fantasy, 2D scrolling, Direct control"
18929,Supercross 2000,1999,6.79,https://www.mobygames.com/game/18929/supercross-2000/,"Sports, Racing / Driving, 1st-person, Motorcycle, Licensed, 3rd-person (Other)"
9239,Superman,1999,2.66,https://www.mobygames.com/game/9239/superman/,"Action, Licensed, Behind view, Direct control"
56012,Susume! Taisen Puzzle Dama: Tōkon! Marutama Chō,1998,,https://www.mobygames.com/game/56012/susume-taisen-puzzle-dama-tokon-marutama-cho/,"Real-time, Anime / Manga, Bowling, Puzzle, Fixed / flip-screen, Falling block puzzle"
14988,Taz Express,2000,6.32,https://www.mobygames.com/game/14988/taz-express/,"Action, Platform, Puzzle elements, Fantasy, Licensed, Diagonal-down, 2D scrolling"
56013,Tetris 64,1998,,https://www.mobygames.com/game/56013/tetris-64/,"Action, Side view, Puzzle, Fixed / flip-screen, Falling block puzzle, Direct control"
3761,Tetrisphere,1997,7.47,https://www.mobygames.com/game/3761/tetrisphere/,"Real-time, Puzzle, Falling block puzzle"
9171,Tigger's Honey Hunt,2000,6.98,https://www.mobygames.com/game/9171/tiggers-honey-hunt/,"Action, Side view, Platform, Licensed"
9234,Tom and Jerry in Fists of Furry,2000,6.91,https://www.mobygames.com/game/9234/tom-and-jerry-in-fists-of-furry/,"Action, Arcade, Platform, Fighting, Licensed, 3rd-person (Other)"
962,Tom Clancy's Rainbow Six,1999,7.47,https://www.mobygames.com/game/962/tom-clancys-rainbow-six/,"Action, Simulation, 1st-person, Shooter, Licensed, Behind view, Tactical shooter, Regional differences"
2765,Tonic Trouble,1999,6.92,https://www.mobygames.com/game/2765/tonic-trouble/,"Action, Platform, Behind view"
3567,Tony Hawk's Pro Skater,2000,8.19,https://www.mobygames.com/game/3567/tony-hawks-pro-skater/,"Sports, Skateboarding, Tricks / stunts, Behind view, Direct control"
2575,Tony Hawk's Pro Skater 2,2001,8.19,https://www.mobygames.com/game/2575/tony-hawks-pro-skater-2/,"Sports, Skateboarding, Licensed, Tricks / stunts, Behind view, Direct control"
5279,Tony Hawk's Pro Skater 3,2002,,https://www.mobygames.com/game/5279/tony-hawks-pro-skater-3/,"Sports, Skateboarding, Licensed, Tricks / stunts, Behind view"
8930,Top Gear Hyper-Bike,2000,7.26,https://www.mobygames.com/game/8930/top-gear-hyper-bike/,"Sports, Racing / Driving, Real-time, Motorcycle, Off-roading, Behind view, Direct control"
8919,Top Gear Rally,1997,7.52,https://www.mobygames.com/game/8919/top-gear-rally/,"Sports, Racing / Driving, 1st-person, Off-roading, Behind view, Automobile"
8920,Top Gear Rally 2,1999,7.23,https://www.mobygames.com/game/8920/top-gear-rally-2/,"Sports, Racing / Driving, Off-roading, Licensed"
8922,Top Gear: Overdrive,1998,7.52,https://www.mobygames.com/game/8922/top-gear-overdrive/,"Racing / Driving, Licensed, Behind view, Direct control, Automobile"
9172,Transformers: Beast Wars Transmetals,1999,5.35,https://www.mobygames.com/game/9172/transformers-beast-wars-transmetals/,"Action, Sci-fi / futuristic, Shooter, Fighting, Mecha / giant robot, Licensed, 3rd-person (Other)"
3228,Triple Play 2000,1999,6.45,https://www.mobygames.com/game/3228/triple-play-2000/,"Sports, 1st-person, Baseball, Licensed, Behind view"
35906,True Golf Classics: Waialae Country Club,1998,6.44,https://www.mobygames.com/game/35906/true-golf-classics-waialae-country-club/,"Sports, Golf, 3rd-person (Other)"
2204,Turok 2: Seeds of Evil,1998,8.05,https://www.mobygames.com/game/2204/turok-2-seeds-of-evil/,"Action, 1st-person, Shooter, Regional differences"
3754,Turok 3: Shadow of Oblivion,2000,7.62,https://www.mobygames.com/game/3754/turok-3-shadow-of-oblivion/,"Action, 1st-person, Sci-fi / futuristic, Shooter"
2203,Turok: Dinosaur Hunter,1997,8.06,https://www.mobygames.com/game/2203/turok-dinosaur-hunter/,"Action, 1st-person, Shooter, Regional differences"
3755,Turok: Rage Wars,1999,7.41,https://www.mobygames.com/game/3755/turok-rage-wars/,"Action, 1st-person, Sci-fi / futuristic, Shooter, Regional differences"
13236,Twisted Edge: Extreme Snowboarding,1998,6.47,https://www.mobygames.com/game/13236/twisted-edge-extreme-snowboarding/,"Action, Sports, 1st-person, Snowboarding / skiing, 3rd-person (Other)"
55997,Ucchan Nanchan no Honō no Challenger: Denryū IraIra Bō,1997,,https://www.mobygames.com/game/55997/ucchan-nanchan-no-hono-no-challenger-denryu-iraira-bo/,"Action, Side view"
7015,V-Rally: Edition 99,1998,6.99,https://www.mobygames.com/game/7015/v-rally-edition-99/,"Simulation, Racing / Driving, 1st-person, Off-roading, Behind view, Vehicle simulator, Automobile, Track racing"
4145,Vigilante 8,1999,7.76,https://www.mobygames.com/game/4145/vigilante-8/,"Racing / Driving, 1st-person, Arcade, Real-time, Behind view, Vehicular combat, Direct control, Automobile, Contemporary, North America"
4146,Vigilante 8: 2nd Offense,1999,7.24,https://www.mobygames.com/game/4146/vigilante-8-2nd-offense/,"Racing / Driving, Arcade, Shooter, Behind view, Vehicular combat, Automobile"
29540,Virtual Chess 64,1998,6.88,https://www.mobygames.com/game/29540/virtual-chess-64/,"Strategy / tactics, Chess"
61712,Virtual Pool 64,1998,7.52,https://www.mobygames.com/game/61712/virtual-pool-64/,"Simulation, Sports, 1st-person, Pool / snooker"
218350,Virtual Pro Wrestling 64,1997,,https://www.mobygames.com/game/218350/virtual-pro-wrestling-64/,"Sports, Real-time, Fighting, Wrestling, Licensed, 3rd-person (Other), Direct control, Japan (Modern/Futuristic)"
4511,War Gods,1997,5.27,https://www.mobygames.com/game/4511/war-gods/,"Action, Arcade, Fighting, 3rd-person (Other)"
3541,Wave Race 64: Kawasaki Jet Ski,1996,8.39,https://www.mobygames.com/game/3541/wave-race-64-kawasaki-jet-ski/,"Action, Sports, Racing / Driving, 1st-person, Sailing / boating, Licensed, Behind view, Direct control"
31867,Wayne Gretzky's 3D Hockey,1996,7.41,https://www.mobygames.com/game/31867/wayne-gretzkys-3d-hockey/,"Sports, Hockey, Licensed, Diagonal-down, 2D scrolling, Direct control"
55985,Wayne Gretzky's 3D Hockey '98,1997,6.91,https://www.mobygames.com/game/55985/wayne-gretzkys-3d-hockey-98/,"Sports, Hockey, Licensed, 3rd-person (Other)"
8946,WCW Backstage Assault,2000,5.85,https://www.mobygames.com/game/8946/wcw-backstage-assault/,"Sports, Wrestling, Licensed, 3rd-person (Other)"
3945,WCW Mayhem,1999,7.15,https://www.mobygames.com/game/3945/wcw-mayhem/,"Action, Wrestling, Licensed, 3rd-person (Other)"
1155,WCW Nitro,1999,5.43,https://www.mobygames.com/game/1155/wcw-nitro/,"Sports, Arcade, Wrestling, Licensed, 3rd-person (Other)"
8932,WCW vs. NWO: World Tour,1997,7.53,https://www.mobygames.com/game/8932/wcw-vs-nwo-world-tour/,"Action, Sports, Wrestling, Licensed, 3rd-person (Other), Direct control"
3634,WCW/NWO Revenge,1998,7.33,https://www.mobygames.com/game/3634/wcwnwo-revenge/,"Sports, Wrestling, 3rd-person (Other)"
3164,Wetrix,1998,7.65,https://www.mobygames.com/game/3164/wetrix/,"Real-time, Puzzle, Diagonal-down, Falling block puzzle"
33522,Wheel of Fortune,1997,5.53,https://www.mobygames.com/game/33522/wheel-of-fortune/,"Game show / trivia / quiz, Licensed, Puzzle, Word construction"
3782,WinBack: Covert Operations,1999,7.2,https://www.mobygames.com/game/3782/winback-covert-operations/,"Action, Strategy / tactics, Shooter, Behind view"
9760,WipEout 64,1998,7.71,https://www.mobygames.com/game/9760/wipeout-64/,"Action, Racing / Driving, 1st-person, Sci-fi / futuristic, Behind view, Hovercraft, Track racing"
97845,Wonder Project J2,1996,,https://www.mobygames.com/game/97845/wonder-project-j2/,"Simulation, Interactive fiction / text adventure, Naval / watercraft, Anime / Manga, Cyberpunk / dark sci-fi, Meditative / Zen, Fantasy, Text-based / Spreadsheet, Fixed / flip-screen, Japanese-style RPG (JRPG), RPG elements, Text parser"
326,World Cup 98,1998,7.92,https://www.mobygames.com/game/326/world-cup-98/,"Sports, Football (European) / Soccer, Licensed, Diagonal-down, 2D scrolling, Direct control, Multiple units/characters control, Europe"
4390,World Driver Championship,1999,7.71,https://www.mobygames.com/game/4390/world-driver-championship/,"Racing / Driving, 1st-person, Behind view, Direct control, Automobile, Track racing"
633,Worms: Armageddon,1999,7.58,https://www.mobygames.com/game/633/worms-armageddon/,"Strategy / tactics, Side view, Turn-based, Comedy, War, 2D scrolling, Artillery, Direct control, Multiple units/characters control"
4833,WWF Attitude,1999,7.27,https://www.mobygames.com/game/4833/wwf-attitude/,"Action, Sports, Wrestling, Licensed, 3rd-person (Other)"
8947,WWF No Mercy,2000,8.19,https://www.mobygames.com/game/8947/wwf-no-mercy/,"Sports, Wrestling, Licensed, 3rd-person (Other)"
4598,WWF War Zone,1998,7.55,https://www.mobygames.com/game/4598/wwf-war-zone/,"Sports, Wrestling, Licensed, 3rd-person (Other)"
3636,WWF Wrestlemania 2000,1999,7.72,https://www.mobygames.com/game/3636/wwf-wrestlemania-2000/,"Sports, Wrestling, Licensed, Diagonal-down"
21657,Xena: Warrior Princess - The Talisman of Fate,1999,6.34,https://www.mobygames.com/game/21657/xena-warrior-princess-the-talisman-of-fate/,"Action, Arcade, Fighting, Fantasy, Licensed, 3rd-person (Other)"
3540,Yoshi's Story,1997,7.3,https://www.mobygames.com/game/3540/yoshis-story/,"Action, Side view, Platform, 2D scrolling"
110237,Zool: Majū Tsukai Densetsu,1999,,https://www.mobygames.com/game/110237/zool-maju-tsukai-densetsu/,"Real-time, Role-playing (RPG), Anime / Manga, Fantasy, Turn-based, Behind view, Diagonal-down, Japanese-style RPG (JRPG), Direct control, Menu structures"
